file,class,method,variable,usage
/home/navin/gkt-portfolio-overlap/gkt-portfolio-overlap/src/main/java/com/example/geektrust/CommandBroker.java,com.example.geektrust.CommandBroker,run/0,commandDispatch,1
/home/navin/gkt-portfolio-overlap/gkt-portfolio-overlap/src/main/java/com/example/geektrust/CommandBroker.java,com.example.geektrust.CommandBroker,run/0,currentPortFolio,1
/home/navin/gkt-portfolio-overlap/gkt-portfolio-overlap/src/main/java/com/example/geektrust/CommandBroker.java,com.example.geektrust.CommandBroker,run/0,inputFileName,1
/home/navin/gkt-portfolio-overlap/gkt-portfolio-overlap/src/main/java/com/example/geektrust/CommandBroker.java,com.example.geektrust.CommandBroker,"CommandBroker/2[java.lang.String,java.util.Map<java.lang.String,java.util.Set<java.lang.String>>]",inputFileName,1
/home/navin/gkt-portfolio-overlap/gkt-portfolio-overlap/src/main/java/com/example/geektrust/CommandBroker.java,com.example.geektrust.CommandBroker,"CommandBroker/2[java.lang.String,java.util.Map<java.lang.String,java.util.Set<java.lang.String>>]",completePortFolio,3
/home/navin/gkt-portfolio-overlap/gkt-portfolio-overlap/src/main/java/com/example/geektrust/StocksCollection.java,com.example.geektrust.StocksCollection,getCompletePortFolio/0,completePortFolio,1
/home/navin/gkt-portfolio-overlap/gkt-portfolio-overlap/src/main/java/com/example/geektrust/StocksCollection.java,com.example.geektrust.StocksCollection,StocksCollection/1[java.lang.String],completePortFolio,1
/home/navin/gkt-portfolio-overlap/gkt-portfolio-overlap/src/main/java/com/example/geektrust/AddStock.java,com.example.geektrust.AddStock,execute/1[java.lang.String],currentPortFolio,1
/home/navin/gkt-portfolio-overlap/gkt-portfolio-overlap/src/main/java/com/example/geektrust/AddStock.java,com.example.geektrust.AddStock,execute/1[java.lang.String],completePortFolio,1
/home/navin/gkt-portfolio-overlap/gkt-portfolio-overlap/src/main/java/com/example/geektrust/AddStock.java,com.example.geektrust.AddStock,"AddStock/2[java.util.Map<java.lang.String,java.util.Set<java.lang.String>>,java.util.List<java.lang.String>]",currentPortFolio,3
/home/navin/gkt-portfolio-overlap/gkt-portfolio-overlap/src/main/java/com/example/geektrust/AddStock.java,com.example.geektrust.AddStock,"AddStock/2[java.util.Map<java.lang.String,java.util.Set<java.lang.String>>,java.util.List<java.lang.String>]",completePortFolio,3
/home/navin/gkt-portfolio-overlap/gkt-portfolio-overlap/src/main/java/com/example/geektrust/CurrentPortFolio.java,com.example.geektrust.CurrentPortFolio,getCurrentPortFolio/0,currentPortFolio,1
/home/navin/gkt-portfolio-overlap/gkt-portfolio-overlap/src/main/java/com/example/geektrust/CurrentPortFolio.java,com.example.geektrust.CurrentPortFolio,execute/1[java.lang.String],currentPortFolio,2
/home/navin/gkt-portfolio-overlap/gkt-portfolio-overlap/src/main/java/com/example/geektrust/CalculateOverlap.java,com.example.geektrust.CalculateOverlap,"CalculateOverlap/2[java.util.Map<java.lang.String,java.util.Set<java.lang.String>>,java.util.List<java.lang.String>]",currentPortFolio,3
/home/navin/gkt-portfolio-overlap/gkt-portfolio-overlap/src/main/java/com/example/geektrust/CalculateOverlap.java,com.example.geektrust.CalculateOverlap,"CalculateOverlap/2[java.util.Map<java.lang.String,java.util.Set<java.lang.String>>,java.util.List<java.lang.String>]",completePortFolio,3
/home/navin/gkt-portfolio-overlap/gkt-portfolio-overlap/src/main/java/com/example/geektrust/CalculateOverlap.java,com.example.geektrust.CalculateOverlap,execute/1[java.lang.String],currentPortFolio,3
/home/navin/gkt-portfolio-overlap/gkt-portfolio-overlap/src/main/java/com/example/geektrust/CalculateOverlap.java,com.example.geektrust.CalculateOverlap,execute/1[java.lang.String],completePortFolio,4
/home/navin/gkt-portfolio-overlap/gkt-portfolio-overlap/src/main/java/com/example/geektrust/CalculateOverlap.java,com.example.geektrust.CalculateOverlap,execute/1[java.lang.String],MYEPS,1
